               epoch,      train/box_loss,      train/obj_loss,      train/cls_loss,   metrics/precision,      metrics/recall,     metrics/mAP_0.5,metrics/mAP_0.5:0.95,        val/box_loss,        val/obj_loss,        val/cls_loss,               x/lr0,               x/lr1,               x/lr2
                   0,             0.11173,            0.015121,            0.080535,            0.013514,                0.25,            0.017196,           0.0051588,             0.07278,            0.010817,            0.049741,              0.0991,              0.0001,              0.0001
                   1,             0.11264,            0.014462,            0.078343,            0.013889,                0.25,            0.017292,           0.0051875,            0.072152,             0.01091,            0.049556,            0.097299,          0.00029881,          0.00029881
                   2,             0.11108,            0.017044,            0.077234,              0.0125,                0.25,            0.014973,            0.004492,            0.070384,            0.011172,            0.049243,            0.095496,          0.00049604,          0.00049604
                   3,             0.10137,            0.016538,             0.07236,            0.022222,                 0.5,            0.032097,           0.0061335,            0.066759,            0.011649,             0.04883,            0.093692,          0.00069168,          0.00069168
                   4,            0.099064,            0.018229,            0.071883,                0.02,                 0.5,            0.036852,           0.0088039,            0.062651,            0.012203,            0.048356,            0.091886,          0.00088574,          0.00088574
                   5,            0.091224,            0.019633,            0.069518,            0.030423,                   1,            0.088839,             0.01303,            0.057086,            0.012815,            0.047577,            0.090078,           0.0010782,           0.0010782
                   6,            0.087746,            0.019795,            0.068783,            0.026263,                   1,            0.079728,            0.018854,            0.050827,            0.013416,            0.046752,            0.088269,           0.0012691,           0.0012691
                   7,            0.084846,            0.024559,            0.065058,            0.022357,                   1,            0.080007,            0.017872,            0.046283,            0.013781,             0.04562,            0.086458,           0.0014584,           0.0014584
                   8,            0.078566,            0.019437,            0.062104,            0.020539,                   1,             0.19219,             0.04057,            0.044601,            0.013931,            0.044924,            0.084646,           0.0016461,           0.0016461
                   9,            0.076553,            0.023107,            0.062898,            0.020142,                   1,             0.30041,            0.082466,            0.041394,            0.014107,            0.043849,            0.082832,           0.0018323,           0.0018323
                  10,            0.070747,            0.025265,            0.055751,            0.018772,                   1,             0.31155,            0.086779,            0.039278,             0.01424,            0.042849,            0.081017,           0.0020168,           0.0020168
                  11,             0.07036,            0.024814,            0.056165,            0.018042,                   1,             0.32001,            0.089692,            0.035874,             0.01464,            0.041751,              0.0792,           0.0021998,           0.0021998
                  12,            0.068863,            0.022561,            0.053854,            0.016621,                   1,              0.3175,              0.1204,            0.033672,            0.014681,            0.040436,            0.077381,           0.0023812,           0.0023812
                  13,            0.065882,            0.023505,            0.051307,            0.016803,                   1,             0.34178,            0.094182,            0.033352,            0.014438,             0.03933,            0.075561,            0.002561,            0.002561
                  14,            0.063954,            0.025922,            0.053028,            0.014953,                   1,             0.40964,             0.18452,            0.033633,            0.013921,            0.037985,            0.073739,           0.0027392,           0.0027392
                  15,            0.064047,            0.024695,            0.049045,            0.015147,                   1,              0.4965,             0.22141,            0.035127,            0.013184,            0.036517,            0.071916,           0.0029159,           0.0029159
                  16,            0.061365,            0.025095,            0.048754,            0.014362,                   1,             0.62125,             0.27495,            0.036489,            0.012573,            0.034881,            0.070091,           0.0030909,           0.0030909
                  17,            0.060604,            0.022407,            0.045909,            0.013436,                   1,              0.6965,             0.37319,            0.031342,            0.012336,            0.033011,            0.068264,           0.0032644,           0.0032644
                  18,            0.057147,            0.021045,            0.041795,              0.2565,                   1,             0.65143,             0.27534,            0.033771,            0.011414,             0.03112,            0.066436,           0.0034363,           0.0034363
                  19,            0.059805,            0.022389,            0.040563,             0.30726,                0.75,               0.795,             0.18557,            0.037803,            0.010498,            0.029007,            0.064607,           0.0036066,           0.0036066
                  20,            0.066439,             0.02184,             0.04117,             0.25179,                   1,              0.4225,             0.19858,            0.039851,           0.0097241,            0.027596,            0.062775,           0.0037753,           0.0037753
                  21,             0.06161,            0.019637,             0.04015,             0.33082,             0.84891,               0.795,             0.42141,            0.036309,             0.01027,            0.026818,            0.060942,           0.0039424,           0.0039424
                  22,            0.057715,            0.020125,            0.036971,             0.28914,             0.83587,             0.80056,             0.53812,            0.036458,           0.0098288,            0.026043,            0.059108,            0.004108,            0.004108
                  23,            0.064966,            0.018835,            0.038533,             0.40327,             0.88405,             0.60935,             0.24738,            0.034191,           0.0097651,            0.025265,            0.057272,           0.0042719,           0.0042719
                  24,            0.054618,            0.020592,            0.034771,              0.4671,                0.75,             0.81643,              0.3421,            0.044618,           0.0094743,            0.025195,            0.055434,           0.0044343,           0.0044343
                  25,            0.060137,            0.015635,            0.036307,             0.41979,                0.75,              0.8075,             0.49516,            0.045592,           0.0092801,            0.024446,            0.053595,           0.0045951,           0.0045951
                  26,            0.059933,            0.016959,            0.035597,             0.29926,                   1,             0.56768,             0.20352,            0.041839,           0.0096679,            0.024098,            0.051754,           0.0047543,           0.0047543
                  27,            0.065506,            0.017346,            0.037704,             0.29926,                   1,             0.56768,             0.20352,            0.041839,           0.0096679,            0.024098,            0.049912,           0.0049119,           0.0049119
                  28,            0.061233,            0.015641,            0.034385,             0.29155,                0.75,              0.6825,             0.31543,            0.042119,           0.0097141,            0.023737,            0.048068,            0.005068,            0.005068
                  29,            0.060829,            0.016821,            0.036211,             0.39031,                0.25,             0.35673,            0.064725,            0.054287,            0.010248,            0.023031,            0.046222,           0.0052224,           0.0052224
                  30,            0.076226,            0.015339,            0.034424,             0.39031,                0.25,             0.35673,            0.064725,            0.054287,            0.010248,            0.023031,            0.044375,           0.0053753,           0.0053753
                  31,            0.073515,            0.016861,            0.035882,             0.48473,                0.75,             0.48476,             0.12386,            0.052881,            0.010062,            0.021863,            0.042527,           0.0055266,           0.0055266
                  32,            0.068323,            0.017057,            0.033132,             0.77806,             0.89962,             0.91167,             0.37703,            0.035457,            0.010011,             0.02105,            0.040676,           0.0056763,           0.0056763
                  33,            0.067613,            0.014585,            0.035006,             0.77806,             0.89962,             0.91167,             0.37703,            0.035457,            0.010011,             0.02105,            0.038824,           0.0058244,           0.0058244
                  34,             0.05847,            0.016024,            0.032684,             0.56183,                   1,              0.6965,              0.1589,            0.047913,           0.0094642,            0.020182,            0.036971,            0.005971,            0.005971
                  35,            0.061225,            0.014553,            0.032999,             0.43906,             0.88301,             0.74583,             0.37389,            0.034775,            0.010514,            0.019697,            0.035116,           0.0061159,           0.0061159
                  36,            0.059183,            0.016024,            0.032431,             0.43906,             0.88301,             0.74583,             0.37389,            0.034775,            0.010514,            0.019697,            0.033259,           0.0062593,           0.0062593
                  37,            0.061433,              0.0156,             0.03245,             0.40204,             0.99702,             0.43117,             0.11694,            0.054097,            0.010312,            0.019035,            0.031401,           0.0064011,           0.0064011
                  38,            0.063696,            0.015154,            0.033873,             0.37849,                0.75,             0.53833,             0.20526,            0.040653,            0.010798,            0.019185,            0.029541,           0.0065413,           0.0065413
                  39,            0.061774,            0.016331,            0.033731,             0.37849,                0.75,             0.53833,             0.20526,            0.040653,            0.010798,            0.019185,             0.02768,           0.0066799,           0.0066799
                  40,            0.061278,            0.016673,            0.032443,             0.27846,                0.75,             0.25931,            0.092177,            0.052482,            0.010359,             0.01921,            0.025817,            0.006817,            0.006817
                  41,             0.06761,            0.017582,            0.032787,             0.22005,                0.75,             0.52983,             0.32614,            0.032417,            0.011569,            0.019003,            0.023952,           0.0069524,           0.0069524
                  42,            0.063287,            0.015573,            0.031979,             0.22005,                0.75,             0.52983,             0.32614,            0.032417,            0.011569,            0.019003,            0.022086,           0.0070863,           0.0070863
                  43,            0.058543,            0.014906,            0.032668,             0.27975,                0.75,             0.62125,             0.20791,            0.041944,            0.010264,            0.018827,            0.020219,           0.0072186,           0.0072186
                  44,            0.059308,            0.017925,            0.032273,             0.27975,                0.75,             0.62125,             0.20791,            0.041944,            0.010264,            0.018827,            0.018349,           0.0073493,           0.0073493
                  45,            0.061448,             0.01726,            0.032481,              0.3069,                   1,              0.4975,             0.17593,            0.044199,            0.010177,            0.018849,            0.016478,           0.0074784,           0.0074784
                  46,             0.06189,            0.014992,            0.030426,              0.3069,                   1,              0.4975,             0.17593,            0.044199,            0.010177,            0.018849,            0.014606,           0.0076059,           0.0076059
                  47,            0.062446,            0.014381,            0.030614,             0.19725,                 0.5,             0.21771,            0.083724,            0.047782,           0.0091746,            0.018624,            0.012732,           0.0077319,           0.0077319
                  48,            0.062217,            0.017016,            0.030999,             0.19725,                 0.5,             0.21771,            0.083724,            0.047782,           0.0091746,            0.018624,            0.010856,           0.0078562,           0.0078562
                  49,            0.060667,            0.014206,            0.031282,              0.3446,             0.89484,             0.44775,             0.16053,            0.044193,           0.0087022,            0.018307,            0.008979,            0.007979,            0.007979
                  50,            0.059273,            0.015871,            0.032067,              0.3446,             0.89484,             0.44775,             0.16053,            0.044193,           0.0087022,            0.018307,             0.00802,             0.00802,             0.00802
                  51,            0.063175,            0.014768,            0.030737,             0.27946,                   1,             0.46295,             0.14971,              0.0439,           0.0087589,            0.017958,             0.00802,             0.00802,             0.00802
                  52,            0.071527,            0.014221,             0.03085,             0.27946,                   1,             0.46295,             0.14971,              0.0439,           0.0087589,            0.017958,           0.0079804,           0.0079804,           0.0079804
                  53,            0.068893,            0.014251,            0.033402,             0.57846,                   1,             0.74583,               0.409,            0.033913,           0.0079751,            0.017263,           0.0079408,           0.0079408,           0.0079408
                  54,            0.054445,            0.017772,            0.030978,             0.57846,                   1,             0.74583,               0.409,            0.033913,           0.0079751,            0.017263,           0.0079012,           0.0079012,           0.0079012
                  55,            0.053503,            0.017623,            0.031678,             0.68407,                   1,             0.82917,             0.29415,            0.038472,           0.0080122,            0.016248,           0.0078616,           0.0078616,           0.0078616
                  56,            0.068713,            0.015408,            0.029725,             0.68407,                   1,             0.82917,             0.29415,            0.038472,           0.0080122,            0.016248,            0.007822,            0.007822,            0.007822
                  57,            0.068101,            0.014122,            0.029409,             0.58783,                   1,             0.82917,             0.41628,            0.041804,           0.0075493,            0.015897,           0.0077824,           0.0077824,           0.0077824
                  58,            0.052788,             0.01731,            0.030145,             0.58783,                   1,             0.82917,             0.41628,            0.041804,           0.0075493,            0.015897,           0.0077428,           0.0077428,           0.0077428
                  59,             0.05164,             0.01646,            0.029455,              0.5386,                   1,             0.82917,             0.31768,            0.033214,           0.0073653,            0.015454,           0.0077032,           0.0077032,           0.0077032
                  60,            0.052822,            0.014769,            0.028834,              0.5386,                   1,             0.82917,             0.31768,            0.033214,           0.0073653,            0.015454,           0.0076636,           0.0076636,           0.0076636
                  61,            0.055595,            0.016417,            0.030859,             0.54589,                   1,             0.82917,             0.48439,            0.042625,           0.0068445,            0.015263,            0.007624,            0.007624,            0.007624
                  62,             0.06196,            0.016055,            0.029902,             0.54589,                   1,             0.82917,             0.48439,            0.042625,           0.0068445,            0.015263,           0.0075844,           0.0075844,           0.0075844
                  63,            0.062074,            0.014311,            0.029098,             0.69594,                   1,             0.82917,               0.262,            0.042919,           0.0063834,            0.014942,           0.0075448,           0.0075448,           0.0075448
                  64,            0.047118,            0.015729,            0.028844,             0.69594,                   1,             0.82917,               0.262,            0.042919,           0.0063834,            0.014942,           0.0075052,           0.0075052,           0.0075052
                  65,            0.049434,            0.014135,            0.029581,             0.72643,                   1,               0.995,             0.39431,            0.031533,           0.0066818,            0.014231,           0.0074656,           0.0074656,           0.0074656
                  66,            0.062286,            0.013447,            0.028852,             0.72643,                   1,               0.995,             0.39431,            0.031533,           0.0066818,            0.014231,            0.007426,            0.007426,            0.007426
                  67,            0.056995,            0.015739,            0.027524,               0.909,                   1,               0.995,             0.33773,            0.029194,            0.006394,            0.013954,           0.0073864,           0.0073864,           0.0073864
                  68,             0.05176,            0.015402,            0.028327,               0.909,                   1,               0.995,             0.33773,            0.029194,            0.006394,            0.013954,           0.0073468,           0.0073468,           0.0073468
                  69,            0.053633,            0.014622,            0.027184,             0.66619,                0.75,                0.87,             0.17227,            0.045821,           0.0062731,            0.013033,           0.0073072,           0.0073072,           0.0073072
                  70,             0.05967,            0.013055,            0.028649,             0.66619,                0.75,                0.87,             0.17227,            0.045821,           0.0062731,            0.013033,           0.0072676,           0.0072676,           0.0072676
                  71,            0.058447,            0.012262,            0.027039,             0.71845,             0.83057,             0.91167,             0.64638,            0.035205,           0.0062083,            0.012482,            0.007228,            0.007228,            0.007228
                  72,             0.05139,            0.017582,            0.027551,             0.71845,             0.83057,             0.91167,             0.64638,            0.035205,           0.0062083,            0.012482,           0.0071884,           0.0071884,           0.0071884
                  73,            0.056418,            0.013052,            0.028136,             0.35734,                   1,              0.6965,             0.30573,            0.033224,           0.0065266,            0.011616,           0.0071488,           0.0071488,           0.0071488
                  74,            0.045969,            0.013712,            0.025635,             0.35734,                   1,              0.6965,             0.30573,            0.033224,           0.0065266,            0.011616,           0.0071092,           0.0071092,           0.0071092
                  75,            0.048091,             0.01275,            0.026044,             0.79757,                   1,               0.995,             0.53662,            0.040151,           0.0061419,            0.011072,           0.0070696,           0.0070696,           0.0070696
                  76,            0.048021,            0.015852,            0.025995,             0.79757,                   1,               0.995,             0.53662,            0.040151,           0.0061419,            0.011072,             0.00703,             0.00703,             0.00703
                  77,            0.047976,            0.014186,            0.025189,             0.95611,                   1,               0.995,             0.43524,            0.033892,             0.00625,            0.010669,           0.0069904,           0.0069904,           0.0069904
                  78,            0.042907,            0.015379,            0.025524,             0.95611,                   1,               0.995,             0.43524,            0.033892,             0.00625,            0.010669,           0.0069508,           0.0069508,           0.0069508
                  79,            0.042456,            0.015777,            0.025163,             0.70539,             0.94406,             0.91167,             0.35719,            0.033395,           0.0064524,            0.010543,           0.0069112,           0.0069112,           0.0069112
                  80,            0.046017,            0.012401,            0.024051,             0.70539,             0.94406,             0.91167,             0.35719,            0.033395,           0.0064524,            0.010543,           0.0068716,           0.0068716,           0.0068716
                  81,            0.047833,            0.013063,            0.022637,             0.69049,             0.96507,             0.91167,             0.36383,            0.040997,           0.0062991,            0.010623,            0.006832,            0.006832,            0.006832
                  82,             0.04228,             0.01278,            0.024429,             0.69049,             0.96507,             0.91167,             0.36383,            0.040997,           0.0062991,            0.010623,           0.0067924,           0.0067924,           0.0067924
                  83,            0.044028,            0.013683,            0.025052,             0.53617,             0.94979,             0.91167,             0.70467,            0.039027,           0.0065959,            0.010276,           0.0067528,           0.0067528,           0.0067528
                  84,             0.04991,            0.012858,            0.022889,             0.53617,             0.94979,             0.91167,             0.70467,            0.039027,           0.0065959,            0.010276,           0.0067132,           0.0067132,           0.0067132
                  85,            0.049772,            0.013299,            0.023851,             0.70965,             0.96951,             0.74625,              0.3814,             0.03262,           0.0062815,            0.010163,           0.0066736,           0.0066736,           0.0066736
                  86,            0.041127,            0.013529,            0.024366,             0.70965,             0.96951,             0.74625,              0.3814,             0.03262,           0.0062815,            0.010163,            0.006634,            0.006634,            0.006634
                  87,            0.043557,            0.010985,            0.022898,             0.59096,             0.96376,             0.91167,              0.5325,            0.034555,           0.0061487,           0.0091734,           0.0065944,           0.0065944,           0.0065944
                  88,            0.040389,            0.014249,            0.022369,             0.59096,             0.96376,             0.91167,              0.5325,            0.034555,           0.0061487,           0.0091734,           0.0065548,           0.0065548,           0.0065548
                  89,            0.043509,            0.011852,            0.021107,             0.82635,                0.75,             0.91167,              0.3331,            0.028948,           0.0060381,           0.0091077,           0.0065152,           0.0065152,           0.0065152
                  90,            0.040434,            0.010827,            0.020327,             0.82635,                0.75,             0.91167,              0.3331,            0.028948,           0.0060381,           0.0091077,           0.0064756,           0.0064756,           0.0064756
                  91,             0.04054,            0.013202,            0.021943,             0.54393,              0.9888,             0.91167,             0.49334,            0.029655,           0.0058971,           0.0077916,            0.006436,            0.006436,            0.006436
                  92,             0.04364,            0.011853,            0.019928,             0.54393,              0.9888,             0.91167,             0.49334,            0.029655,           0.0058971,           0.0077916,           0.0063964,           0.0063964,           0.0063964
                  93,            0.043342,            0.012654,            0.019854,              0.6641,                0.75,             0.91167,             0.44197,             0.02702,           0.0057742,           0.0076679,           0.0063568,           0.0063568,           0.0063568
                  94,            0.037911,            0.011945,              0.0194,              0.6641,                0.75,             0.91167,             0.44197,             0.02702,           0.0057742,           0.0076679,           0.0063172,           0.0063172,           0.0063172
                  95,             0.04066,            0.012498,            0.021155,             0.52997,             0.97066,             0.91167,             0.64673,            0.034192,           0.0056948,           0.0066689,           0.0062776,           0.0062776,           0.0062776
                  96,            0.042543,            0.012497,            0.020674,             0.52997,             0.97066,             0.91167,             0.64673,            0.034192,           0.0056948,           0.0066689,            0.006238,            0.006238,            0.006238
                  97,            0.041789,            0.011531,            0.019365,             0.71241,             0.95653,               0.995,             0.32036,            0.037534,           0.0058793,           0.0055593,           0.0061984,           0.0061984,           0.0061984
                  98,            0.045552,            0.011193,            0.017695,             0.71241,             0.95653,               0.995,             0.32036,            0.037534,           0.0058793,           0.0055593,           0.0061588,           0.0061588,           0.0061588
                  99,            0.045686,            0.011779,            0.018016,             0.77417,             0.88567,               0.995,             0.56677,            0.024405,           0.0056285,           0.0051431,           0.0061192,           0.0061192,           0.0061192
                 100,            0.042003,            0.012099,            0.021597,             0.77417,             0.88567,               0.995,             0.56677,            0.024405,           0.0056285,           0.0051431,           0.0060796,           0.0060796,           0.0060796
                 101,            0.040783,            0.012568,            0.017021,             0.71156,                   1,               0.995,             0.67898,            0.031164,           0.0054979,           0.0047477,             0.00604,             0.00604,             0.00604
                 102,            0.035488,             0.01102,              0.0162,             0.71156,                   1,               0.995,             0.67898,            0.031164,           0.0054979,           0.0047477,           0.0060004,           0.0060004,           0.0060004
                 103,            0.036875,            0.010039,            0.019458,             0.52569,                   1,             0.91167,             0.51765,            0.031702,           0.0055317,           0.0045231,           0.0059608,           0.0059608,           0.0059608
                 104,             0.03813,              0.0142,            0.019476,             0.52569,                   1,             0.91167,             0.51765,            0.031702,           0.0055317,           0.0045231,           0.0059212,           0.0059212,           0.0059212
                 105,            0.040301,            0.012847,             0.01665,             0.59123,                   1,               0.995,             0.47889,            0.029958,           0.0058194,           0.0043417,           0.0058816,           0.0058816,           0.0058816
                 106,            0.038863,            0.010881,            0.016299,             0.59123,                   1,               0.995,             0.47889,            0.029958,           0.0058194,           0.0043417,            0.005842,            0.005842,            0.005842
                 107,             0.03973,            0.011519,            0.018699,             0.77521,                   1,               0.995,             0.52914,             0.02403,           0.0055241,            0.004225,           0.0058024,           0.0058024,           0.0058024
                 108,            0.034567,            0.010864,            0.017982,             0.77521,                   1,               0.995,             0.52914,             0.02403,           0.0055241,            0.004225,           0.0057628,           0.0057628,           0.0057628
                 109,            0.036184,            0.012286,            0.019749,             0.49625,                   1,               0.995,             0.57235,            0.028325,           0.0054883,           0.0041464,           0.0057232,           0.0057232,           0.0057232
                 110,            0.037053,            0.011633,             0.01868,             0.49625,                   1,               0.995,             0.57235,            0.028325,           0.0054883,           0.0041464,           0.0056836,           0.0056836,           0.0056836
                 111,            0.035634,            0.010949,            0.012649,             0.77677,                   1,               0.995,               0.647,            0.020002,           0.0051527,            0.004047,            0.005644,            0.005644,            0.005644
                 112,            0.036255,            0.011213,             0.01676,             0.77677,                   1,               0.995,               0.647,            0.020002,           0.0051527,            0.004047,           0.0056044,           0.0056044,           0.0056044
                 113,            0.039429,            0.013564,             0.01846,             0.63173,                   1,               0.995,             0.64692,            0.026578,           0.0053041,           0.0039343,           0.0055648,           0.0055648,           0.0055648
                 114,            0.034629,            0.010311,            0.012034,             0.63173,                   1,               0.995,             0.64692,            0.026578,           0.0053041,           0.0039343,           0.0055252,           0.0055252,           0.0055252
                 115,            0.036908,            0.011865,             0.01946,             0.73495,                   1,               0.995,             0.65499,            0.021845,           0.0049558,           0.0038482,           0.0054856,           0.0054856,           0.0054856
                 116,            0.034326,            0.011464,             0.01588,             0.73495,                   1,               0.995,             0.65499,            0.021845,           0.0049558,           0.0038482,            0.005446,            0.005446,            0.005446
                 117,            0.034638,            0.012767,            0.014736,             0.72547,                   1,               0.995,             0.63205,             0.02368,           0.0050558,           0.0037365,           0.0054064,           0.0054064,           0.0054064
                 118,            0.034623,            0.012502,            0.014446,             0.72547,                   1,               0.995,             0.63205,             0.02368,           0.0050558,           0.0037365,           0.0053668,           0.0053668,           0.0053668
                 119,            0.032924,            0.013068,            0.013201,              0.7813,                   1,               0.995,             0.61696,            0.019534,            0.004873,           0.0036418,           0.0053272,           0.0053272,           0.0053272
                 120,            0.036748,            0.011034,             0.01691,              0.7813,                   1,               0.995,             0.61696,            0.019534,            0.004873,           0.0036418,           0.0052876,           0.0052876,           0.0052876
                 121,            0.032894,            0.010963,            0.013847,             0.97313,                   1,               0.995,             0.67186,            0.020443,           0.0048027,           0.0035284,            0.005248,            0.005248,            0.005248
                 122,            0.032915,            0.010961,            0.014037,             0.97313,                   1,               0.995,             0.67186,            0.020443,           0.0048027,           0.0035284,           0.0052084,           0.0052084,           0.0052084
                 123,            0.031274,            0.010352,            0.014859,             0.96967,                   1,               0.995,             0.77147,            0.018676,           0.0047578,           0.0034641,           0.0051688,           0.0051688,           0.0051688
                 124,            0.033795,            0.013224,            0.016379,             0.96967,                   1,               0.995,             0.77147,            0.018676,           0.0047578,           0.0034641,           0.0051292,           0.0051292,           0.0051292
                 125,            0.033438,            0.010448,             0.01491,             0.94169,                   1,               0.995,             0.66364,            0.019719,           0.0047288,           0.0033935,           0.0050896,           0.0050896,           0.0050896
                 126,            0.035456,            0.010968,            0.012775,             0.94169,                   1,               0.995,             0.66364,            0.019719,           0.0047288,           0.0033935,             0.00505,             0.00505,             0.00505
                 127,            0.035169,            0.010061,             0.01469,             0.93466,                   1,               0.995,             0.50422,            0.024007,           0.0048735,           0.0033557,           0.0050104,           0.0050104,           0.0050104
                 128,             0.03504,           0.0099974,            0.012562,             0.93466,                   1,               0.995,             0.50422,            0.024007,           0.0048735,           0.0033557,           0.0049708,           0.0049708,           0.0049708
                 129,            0.032773,            0.010255,            0.014337,             0.81525,                   1,               0.995,              0.7591,            0.023021,           0.0046775,           0.0033642,           0.0049312,           0.0049312,           0.0049312
                 130,            0.030988,            0.011558,            0.012103,             0.81525,                   1,               0.995,              0.7591,            0.023021,           0.0046775,           0.0033642,           0.0048916,           0.0048916,           0.0048916
                 131,            0.030441,            0.009769,            0.013221,             0.80582,                   1,             0.91167,             0.57189,            0.024181,           0.0046788,           0.0033997,            0.004852,            0.004852,            0.004852
                 132,             0.03065,            0.011635,            0.011168,             0.80582,                   1,             0.91167,             0.57189,            0.024181,           0.0046788,           0.0033997,           0.0048124,           0.0048124,           0.0048124
                 133,            0.030611,            0.011474,            0.011505,             0.86343,                   1,               0.995,             0.74657,            0.023573,           0.0045447,           0.0033826,           0.0047728,           0.0047728,           0.0047728
                 134,            0.029697,            0.010069,            0.011694,             0.86343,                   1,               0.995,             0.74657,            0.023573,           0.0045447,           0.0033826,           0.0047332,           0.0047332,           0.0047332
                 135,            0.031412,            0.011109,            0.011282,             0.96009,                   1,               0.995,             0.57242,             0.02175,             0.00447,           0.0034401,           0.0046936,           0.0046936,           0.0046936
                 136,            0.031074,            0.011303,             0.01358,             0.96009,                   1,               0.995,             0.57242,             0.02175,             0.00447,           0.0034401,            0.004654,            0.004654,            0.004654
                 137,            0.029752,             0.01019,            0.015515,             0.97211,                   1,               0.995,             0.74658,            0.018793,           0.0044241,           0.0034155,           0.0046144,           0.0046144,           0.0046144
                 138,            0.030542,            0.011364,            0.013145,             0.97211,                   1,               0.995,             0.74658,            0.018793,           0.0044241,           0.0034155,           0.0045748,           0.0045748,           0.0045748
                 139,            0.028594,            0.010014,            0.015556,             0.97581,                   1,               0.995,             0.69693,            0.017498,           0.0042424,           0.0034151,           0.0045352,           0.0045352,           0.0045352
                 140,             0.02895,            0.010026,            0.012921,             0.97581,                   1,               0.995,             0.69693,            0.017498,           0.0042424,           0.0034151,           0.0044956,           0.0044956,           0.0044956
                 141,            0.030613,           0.0094381,            0.014003,             0.97566,                   1,               0.995,               0.784,            0.020069,           0.0043367,           0.0034021,            0.004456,            0.004456,            0.004456
                 142,            0.032847,            0.010608,            0.015586,             0.97566,                   1,               0.995,               0.784,            0.020069,           0.0043367,           0.0034021,           0.0044164,           0.0044164,           0.0044164
                 143,             0.03217,            0.010585,             0.01156,             0.97783,                   1,               0.995,             0.72171,            0.021373,           0.0043831,           0.0033724,           0.0043768,           0.0043768,           0.0043768
                 144,            0.034856,            0.011461,             0.01374,             0.97783,                   1,               0.995,             0.72171,            0.021373,           0.0043831,           0.0033724,           0.0043372,           0.0043372,           0.0043372
                 145,             0.03203,            0.011043,            0.014577,             0.97896,                   1,               0.995,             0.77125,            0.015798,           0.0043134,           0.0033101,           0.0042976,           0.0042976,           0.0042976
                 146,            0.026245,           0.0086983,            0.010627,             0.97896,                   1,               0.995,             0.77125,            0.015798,           0.0043134,           0.0033101,            0.004258,            0.004258,            0.004258
                 147,            0.025747,            0.012411,             0.01041,             0.97641,                   1,               0.995,             0.69664,            0.018303,           0.0045638,           0.0032175,           0.0042184,           0.0042184,           0.0042184
                 148,            0.031899,            0.010719,            0.012254,             0.97641,                   1,               0.995,             0.69664,            0.018303,           0.0045638,           0.0032175,           0.0041788,           0.0041788,           0.0041788
                 149,            0.031786,            0.010001,            0.012529,             0.82002,                   1,               0.995,             0.64694,            0.019306,           0.0047488,           0.0031533,           0.0041392,           0.0041392,           0.0041392
                 150,            0.026852,           0.0089645,            0.012261,             0.82002,                   1,               0.995,             0.64694,            0.019306,           0.0047488,           0.0031533,           0.0040996,           0.0040996,           0.0040996
                 151,            0.031293,           0.0080484,             0.01367,              0.9784,                   1,               0.995,             0.73398,            0.022481,           0.0045951,           0.0031375,             0.00406,             0.00406,             0.00406
                 152,             0.02672,           0.0090897,            0.010527,              0.9784,                   1,               0.995,             0.73398,            0.022481,           0.0045951,           0.0031375,           0.0040204,           0.0040204,           0.0040204
                 153,            0.028104,           0.0088967,           0.0093519,             0.97707,                   1,               0.995,             0.77114,            0.016387,           0.0046128,           0.0031172,           0.0039808,           0.0039808,           0.0039808
                 154,            0.032253,           0.0098894,            0.009239,             0.97707,                   1,               0.995,             0.77114,            0.016387,           0.0046128,           0.0031172,           0.0039412,           0.0039412,           0.0039412
                 155,            0.029291,            0.010447,           0.0097061,             0.97586,                   1,               0.995,             0.79614,            0.016339,           0.0044614,           0.0030848,           0.0039016,           0.0039016,           0.0039016
                 156,            0.025367,           0.0086675,           0.0099152,             0.97586,                   1,               0.995,             0.79614,            0.016339,           0.0044614,           0.0030848,            0.003862,            0.003862,            0.003862
                 157,            0.029301,            0.010846,            0.011877,             0.97604,                   1,               0.995,             0.72143,            0.018533,           0.0046786,           0.0030663,           0.0038224,           0.0038224,           0.0038224
                 158,            0.031698,             0.01006,           0.0089923,             0.97604,                   1,               0.995,             0.72143,            0.018533,           0.0046786,           0.0030663,           0.0037828,           0.0037828,           0.0037828
                 159,            0.031828,            0.010445,           0.0096188,             0.97682,                   1,               0.995,             0.68422,            0.017457,           0.0045274,            0.003028,           0.0037432,           0.0037432,           0.0037432
                 160,            0.030715,           0.0093375,            0.009939,             0.97682,                   1,               0.995,             0.68422,            0.017457,           0.0045274,            0.003028,           0.0037036,           0.0037036,           0.0037036
                 161,            0.026227,            0.010394,            0.010184,             0.97706,                   1,               0.995,             0.75881,            0.015008,           0.0045178,           0.0029853,            0.003664,            0.003664,            0.003664
                 162,            0.032967,            0.010069,           0.0094947,             0.97706,                   1,               0.995,             0.75881,            0.015008,           0.0045178,           0.0029853,           0.0036244,           0.0036244,           0.0036244
                 163,            0.029763,            0.010725,            0.011435,             0.97864,                   1,               0.995,             0.70915,            0.017587,           0.0043734,           0.0029778,           0.0035848,           0.0035848,           0.0035848
                 164,            0.029911,           0.0088722,            0.013275,             0.97864,                   1,               0.995,             0.70915,            0.017587,           0.0043734,           0.0029778,           0.0035452,           0.0035452,           0.0035452
                 165,            0.032254,            0.011251,            0.013041,             0.97716,                   1,               0.995,             0.77118,            0.013238,           0.0043224,           0.0029706,           0.0035056,           0.0035056,           0.0035056
                 166,               0.028,            0.008597,            0.010723,             0.97716,                   1,               0.995,             0.77118,            0.013238,           0.0043224,           0.0029706,            0.003466,            0.003466,            0.003466
                 167,            0.025222,           0.0081738,            0.010692,             0.97714,                   1,               0.995,              0.6965,            0.019796,           0.0042816,            0.002958,           0.0034264,           0.0034264,           0.0034264
                 168,             0.02824,           0.0093108,           0.0094071,             0.97714,                   1,               0.995,              0.6965,            0.019796,           0.0042816,            0.002958,           0.0033868,           0.0033868,           0.0033868
                 169,            0.025048,            0.009183,           0.0071907,             0.97677,                   1,               0.995,             0.74627,            0.015276,           0.0042532,           0.0029446,           0.0033472,           0.0033472,           0.0033472
                 170,             0.02878,            0.008622,           0.0096853,             0.97677,                   1,               0.995,             0.74627,            0.015276,           0.0042532,           0.0029446,           0.0033076,           0.0033076,           0.0033076
                 171,            0.026596,           0.0087958,            0.011916,             0.97818,                   1,               0.995,             0.60969,             0.01871,           0.0041745,           0.0029073,            0.003268,            0.003268,            0.003268
                 172,            0.029113,           0.0098478,           0.0096241,             0.97818,                   1,               0.995,             0.60969,             0.01871,           0.0041745,           0.0029073,           0.0032284,           0.0032284,           0.0032284
                 173,            0.025469,           0.0097307,            0.010457,             0.97894,                   1,               0.995,             0.80852,             0.01353,           0.0042552,           0.0028794,           0.0031888,           0.0031888,           0.0031888
                 174,            0.025581,            0.010841,           0.0086793,             0.97894,                   1,               0.995,             0.80852,             0.01353,           0.0042552,           0.0028794,           0.0031492,           0.0031492,           0.0031492
                 175,            0.029673,           0.0090394,            0.012279,             0.97957,                   1,               0.995,             0.60145,             0.02004,           0.0042144,           0.0028631,           0.0031096,           0.0031096,           0.0031096
                 176,            0.024697,           0.0088431,             0.00955,             0.97957,                   1,               0.995,             0.60145,             0.02004,           0.0042144,           0.0028631,             0.00307,             0.00307,             0.00307
                 177,            0.022942,            0.010842,           0.0099796,             0.97858,                   1,               0.995,             0.73391,            0.012703,            0.004097,           0.0028202,           0.0030304,           0.0030304,           0.0030304
                 178,            0.025698,           0.0097077,           0.0085661,             0.97858,                   1,               0.995,             0.73391,            0.012703,            0.004097,           0.0028202,           0.0029908,           0.0029908,           0.0029908
                 179,            0.030078,            0.010317,            0.015788,             0.97572,                   1,               0.995,             0.60955,            0.018695,           0.0042518,           0.0027826,           0.0029512,           0.0029512,           0.0029512
                 180,             0.02432,           0.0077141,            0.008006,             0.97572,                   1,               0.995,             0.60955,            0.018695,           0.0042518,           0.0027826,           0.0029116,           0.0029116,           0.0029116
                 181,            0.022215,           0.0086732,             0.01105,             0.97667,                   1,               0.995,              0.8085,            0.012478,           0.0041597,           0.0027595,            0.002872,            0.002872,            0.002872
                 182,            0.028639,           0.0092138,            0.010072,             0.97667,                   1,               0.995,              0.8085,            0.012478,           0.0041597,           0.0027595,           0.0028324,           0.0028324,           0.0028324
                 183,            0.025426,            0.010106,            0.009665,             0.97614,                   1,               0.995,             0.69653,            0.016787,           0.0042047,           0.0027455,           0.0027928,           0.0027928,           0.0027928
                 184,            0.020324,            0.008811,           0.0060185,             0.97614,                   1,               0.995,             0.69653,            0.016787,           0.0042047,           0.0027455,           0.0027532,           0.0027532,           0.0027532
                 185,            0.022909,           0.0091037,           0.0079851,             0.97424,                   1,               0.995,             0.80852,            0.013583,           0.0040681,           0.0027046,           0.0027136,           0.0027136,           0.0027136
                 186,            0.024764,           0.0081671,            0.011726,             0.97424,                   1,               0.995,             0.80852,            0.013583,           0.0040681,           0.0027046,            0.002674,            0.002674,            0.002674
                 187,            0.025092,            0.010102,            0.011339,              0.9726,                   1,               0.995,             0.68418,            0.017806,           0.0042091,           0.0026502,           0.0026344,           0.0026344,           0.0026344
                 188,            0.024386,           0.0070962,           0.0095807,              0.9726,                   1,               0.995,             0.68418,            0.017806,           0.0042091,           0.0026502,           0.0025948,           0.0025948,           0.0025948
                 189,            0.025484,            0.010116,           0.0091249,             0.97371,                   1,               0.995,             0.82091,            0.013113,           0.0040901,           0.0026172,           0.0025552,           0.0025552,           0.0025552
                 190,            0.026525,           0.0092094,           0.0074376,             0.97371,                   1,               0.995,             0.82091,            0.013113,           0.0040901,           0.0026172,           0.0025156,           0.0025156,           0.0025156
                 191,            0.024563,           0.0087006,            0.009142,             0.97246,                   1,               0.995,             0.65936,            0.016841,           0.0042359,           0.0025722,            0.002476,            0.002476,            0.002476
                 192,            0.021298,           0.0088491,            0.011665,             0.97246,                   1,               0.995,             0.65936,            0.016841,           0.0042359,           0.0025722,           0.0024364,           0.0024364,           0.0024364
                 193,            0.020328,           0.0086003,           0.0077482,             0.97227,                   1,               0.995,             0.82094,            0.012588,           0.0040739,           0.0025366,           0.0023968,           0.0023968,           0.0023968
                 194,            0.021074,           0.0078593,           0.0053843,             0.97227,                   1,               0.995,             0.82094,            0.012588,           0.0040739,           0.0025366,           0.0023572,           0.0023572,           0.0023572
                 195,            0.025485,           0.0076249,           0.0066887,             0.97156,                   1,               0.995,             0.69666,            0.015603,           0.0041444,           0.0025195,           0.0023176,           0.0023176,           0.0023176
                 196,            0.024605,            0.010145,           0.0094074,             0.97156,                   1,               0.995,             0.69666,            0.015603,           0.0041444,           0.0025195,            0.002278,            0.002278,            0.002278
                 197,            0.020391,           0.0074843,           0.0080937,             0.97221,                   1,               0.995,             0.83349,            0.012078,            0.003927,            0.002499,           0.0022384,           0.0022384,           0.0022384
                 198,            0.023635,           0.0085596,           0.0096481,             0.97221,                   1,               0.995,             0.83349,            0.012078,            0.003927,            0.002499,           0.0021988,           0.0021988,           0.0021988
                 199,            0.024453,           0.0067249,             0.01037,             0.97152,                   1,               0.995,              0.7962,            0.012441,            0.003793,           0.0024803,           0.0021592,           0.0021592,           0.0021592
                 200,            0.022516,            0.010055,           0.0085574,             0.97152,                   1,               0.995,              0.7962,            0.012441,            0.003793,           0.0024803,           0.0021196,           0.0021196,           0.0021196
                 201,            0.021098,            0.010154,           0.0065214,             0.97153,                   1,               0.995,             0.80876,            0.013507,            0.003937,           0.0024636,             0.00208,             0.00208,             0.00208
                 202,            0.023861,           0.0075537,           0.0078548,             0.97153,                   1,               0.995,             0.80876,            0.013507,            0.003937,           0.0024636,           0.0020404,           0.0020404,           0.0020404
                 203,            0.029019,           0.0083878,            0.010815,             0.97065,                   1,               0.995,             0.84596,            0.014407,           0.0039095,           0.0024431,           0.0020008,           0.0020008,           0.0020008
                 204,            0.019914,           0.0085073,            0.008021,             0.97065,                   1,               0.995,             0.84596,            0.014407,           0.0039095,           0.0024431,           0.0019612,           0.0019612,           0.0019612
                 205,            0.017395,            0.008561,           0.0064069,             0.97072,                   1,               0.995,              0.8955,            0.016349,           0.0037265,           0.0024393,           0.0019216,           0.0019216,           0.0019216
                 206,            0.026306,           0.0081526,           0.0086958,             0.97072,                   1,               0.995,              0.8955,            0.016349,           0.0037265,           0.0024393,            0.001882,            0.001882,            0.001882
                 207,            0.022053,           0.0095388,           0.0079208,             0.97012,                   1,               0.995,             0.87072,            0.013472,           0.0035933,           0.0024345,           0.0018424,           0.0018424,           0.0018424
                 208,             0.02075,           0.0076772,           0.0088186,             0.97012,                   1,               0.995,             0.87072,            0.013472,           0.0035933,           0.0024345,           0.0018028,           0.0018028,           0.0018028
                 209,            0.018545,           0.0082558,           0.0070547,             0.97011,                   1,               0.995,              0.8955,            0.014601,           0.0037173,           0.0024334,           0.0017632,           0.0017632,           0.0017632
                 210,             0.02138,           0.0075618,           0.0060216,             0.97011,                   1,               0.995,              0.8955,            0.014601,           0.0037173,           0.0024334,           0.0017236,           0.0017236,           0.0017236
                 211,            0.020656,           0.0081884,           0.0056777,             0.97061,                   1,               0.995,             0.80872,            0.012316,            0.003438,           0.0024303,            0.001684,            0.001684,            0.001684
                 212,              0.0193,           0.0082537,           0.0093875,             0.97061,                   1,               0.995,             0.80872,            0.012316,            0.003438,           0.0024303,           0.0016444,           0.0016444,           0.0016444
                 213,            0.016721,           0.0069968,            0.012611,              0.9704,                   1,               0.995,             0.90807,            0.013079,           0.0034258,           0.0024176,           0.0016048,           0.0016048,           0.0016048
                 214,            0.019799,           0.0078275,           0.0073834,              0.9704,                   1,               0.995,             0.90807,            0.013079,           0.0034258,           0.0024176,           0.0015652,           0.0015652,           0.0015652
                 215,            0.020913,           0.0088558,           0.0070067,             0.97028,                   1,               0.995,             0.87074,            0.011345,           0.0034938,           0.0024105,           0.0015256,           0.0015256,           0.0015256
                 216,            0.018263,           0.0093189,           0.0084548,             0.97028,                   1,               0.995,             0.87074,            0.011345,           0.0034938,           0.0024105,            0.001486,            0.001486,            0.001486
                 217,            0.022122,           0.0095297,            0.009131,             0.97028,                   1,               0.995,             0.88332,             0.01148,            0.003409,           0.0023923,           0.0014464,           0.0014464,           0.0014464
                 218,            0.020702,           0.0075435,           0.0060548,             0.97028,                   1,               0.995,             0.88332,             0.01148,            0.003409,           0.0023923,           0.0014068,           0.0014068,           0.0014068
                 219,            0.020794,           0.0072809,           0.0060771,             0.96984,                   1,               0.995,             0.80874,            0.012602,           0.0035259,           0.0023519,           0.0013672,           0.0013672,           0.0013672
                 220,            0.020692,            0.007767,           0.0080083,             0.96984,                   1,               0.995,             0.80874,            0.012602,           0.0035259,           0.0023519,           0.0013276,           0.0013276,           0.0013276
                 221,            0.016671,           0.0085176,            0.010253,              0.9708,                   1,               0.995,             0.83351,            0.010798,           0.0033875,           0.0023377,            0.001288,            0.001288,            0.001288
                 222,            0.016726,           0.0078674,           0.0070972,              0.9708,                   1,               0.995,             0.83351,            0.010798,           0.0033875,           0.0023377,           0.0012484,           0.0012484,           0.0012484
                 223,            0.020849,           0.0090524,            0.010745,             0.97101,                   1,               0.995,             0.85832,            0.011926,           0.0034957,           0.0023069,           0.0012088,           0.0012088,           0.0012088
                 224,            0.020326,           0.0094871,           0.0073096,             0.97101,                   1,               0.995,             0.85832,            0.011926,           0.0034957,           0.0023069,           0.0011692,           0.0011692,           0.0011692
                 225,            0.021633,           0.0096142,           0.0073184,             0.97154,                   1,               0.995,              0.8955,            0.010134,           0.0033007,           0.0022934,           0.0011296,           0.0011296,           0.0011296
                 226,            0.018136,           0.0086376,           0.0069852,             0.97154,                   1,               0.995,              0.8955,            0.010134,           0.0033007,           0.0022934,             0.00109,             0.00109,             0.00109
                 227,            0.019285,           0.0085593,           0.0096147,             0.97253,                   1,               0.995,             0.85832,            0.010879,           0.0033431,           0.0022831,           0.0010504,           0.0010504,           0.0010504
                 228,            0.017127,           0.0077685,           0.0061525,             0.97253,                   1,               0.995,             0.85832,            0.010879,           0.0033431,           0.0022831,           0.0010108,           0.0010108,           0.0010108
                 229,            0.019697,           0.0079769,           0.0075038,             0.97309,                   1,               0.995,             0.83353,            0.012555,           0.0034553,           0.0022704,           0.0009712,           0.0009712,           0.0009712
                 230,              0.0176,           0.0074796,           0.0085989,             0.97309,                   1,               0.995,             0.83353,            0.012555,           0.0034553,           0.0022704,           0.0009316,           0.0009316,           0.0009316
                 231,            0.016795,           0.0074174,            0.010159,             0.97358,                   1,               0.995,             0.83351,             0.01164,           0.0033998,           0.0022599,            0.000892,            0.000892,            0.000892
                 232,            0.016333,           0.0079493,           0.0056546,             0.97358,                   1,               0.995,             0.83351,             0.01164,           0.0033998,           0.0022599,           0.0008524,           0.0008524,           0.0008524
                 233,             0.01648,           0.0077466,           0.0076756,             0.97329,                   1,               0.995,             0.83353,            0.011226,           0.0033394,           0.0022523,           0.0008128,           0.0008128,           0.0008128
                 234,            0.018233,           0.0099495,           0.0084695,             0.97329,                   1,               0.995,             0.83353,            0.011226,           0.0033394,           0.0022523,           0.0007732,           0.0007732,           0.0007732
                 235,            0.016032,           0.0098612,           0.0063855,             0.97359,                   1,               0.995,              0.8955,            0.010971,           0.0033132,            0.002256,           0.0007336,           0.0007336,           0.0007336
                 236,            0.018561,           0.0076838,            0.010065,             0.97359,                   1,               0.995,              0.8955,            0.010971,           0.0033132,            0.002256,            0.000694,            0.000694,            0.000694
                 237,             0.01586,           0.0075712,           0.0057458,             0.97345,                   1,               0.995,              0.8955,             0.01115,           0.0033535,            0.002253,           0.0006544,           0.0006544,           0.0006544
                 238,            0.018465,            0.007637,           0.0085144,             0.97345,                   1,               0.995,              0.8955,             0.01115,           0.0033535,            0.002253,           0.0006148,           0.0006148,           0.0006148
                 239,            0.014492,           0.0077523,           0.0054123,             0.97349,                   1,               0.995,              0.8955,            0.011232,           0.0033691,           0.0022518,           0.0005752,           0.0005752,           0.0005752
                 240,             0.01715,           0.0085229,           0.0075124,             0.97349,                   1,               0.995,              0.8955,            0.011232,           0.0033691,           0.0022518,           0.0005356,           0.0005356,           0.0005356
                 241,            0.016803,           0.0067908,            0.006645,             0.97368,                   1,               0.995,             0.83354,            0.011239,           0.0033995,            0.002238,            0.000496,            0.000496,            0.000496
                 242,            0.015829,           0.0077551,           0.0061967,             0.97368,                   1,               0.995,             0.83354,            0.011239,           0.0033995,            0.002238,           0.0004564,           0.0004564,           0.0004564
                 243,             0.01797,           0.0080869,           0.0058994,             0.97396,                   1,               0.995,             0.83353,             0.01085,           0.0033699,           0.0022297,           0.0004168,           0.0004168,           0.0004168
                 244,             0.01825,           0.0086663,           0.0077296,             0.97396,                   1,               0.995,             0.83353,             0.01085,           0.0033699,           0.0022297,           0.0003772,           0.0003772,           0.0003772
                 245,            0.020675,           0.0082381,           0.0096132,             0.97416,                   1,               0.995,             0.83352,             0.01071,           0.0033768,           0.0022218,           0.0003376,           0.0003376,           0.0003376
                 246,            0.018494,           0.0081637,           0.0074674,             0.97416,                   1,               0.995,             0.83352,             0.01071,           0.0033768,           0.0022218,            0.000298,            0.000298,            0.000298
                 247,            0.015856,            0.007893,           0.0051923,             0.97462,                   1,               0.995,             0.83352,            0.010793,            0.003385,           0.0022127,           0.0002584,           0.0002584,           0.0002584
                 248,            0.016117,           0.0084051,           0.0082898,             0.97462,                   1,               0.995,             0.83352,            0.010793,            0.003385,           0.0022127,           0.0002188,           0.0002188,           0.0002188
                 249,            0.018291,           0.0081014,           0.0083843,             0.97439,                   1,               0.995,             0.83352,            0.010803,           0.0034099,           0.0022066,           0.0001792,           0.0001792,           0.0001792
